train_loss;train_perplexity;val_loss;val_perplexity
6.26490958447152;525.7940438637389;5.128479963257199;168.7604009744154
